"faixa salarial","leads (%)","ordem"
"20000+","0.01601019554741328",5
"15000-20000","0.017722728901987336",4
"10000-15000","0.09538412521406667",3
"5000-10000","0.7102632522203194",2
"0-5000","0.16061969811621332",1
