"idade do veículo","veículos visitados (%)","ordem"
"até 2 anos","0.037998691955526485",1
"de 2 à 4 anos","0.10775016350555919",2
"de 4 à 6 anos","0.18103335513407456",3
"de 6 à 8 anos","0.19630477436232832",4
"de 8 à 10 anos","0.24767822105951603",5
"acima de 10 anos","0.22923479398299543",6
