"status profissional","leads (%)"
"estudante","3.9826357083117606e-05"
"funcionário(a) público(a)","0.017085507188657454"
"aposentado(a)","0.04261420207893584"
"freelancer","0.052889402206380186"
"autônomo(a)","0.07204587996335975"
"empresário(a)","0.07543112031542475"
"outro","0.09044565693576008"
"clt","0.6494484049543988"
