"faixa etária","leads (%)"
"80+","0.02481182046278227"
"60-80","0.1986140427735075"
"40-60","0.32239436058783705"
"20-40","0.4541797761758732"
